fold,accuracy,SAFE,DANGEROUS,INJECTION
1,0.995249406175772,1.0,0.9863013698630136,1.0
2,0.9976190476190476,0.9920634920634921,1.0,1.0
3,0.9976190476190476,0.9920634920634921,1.0,1.0
4,0.9976190476190476,1.0,0.9931506849315068,1.0
5,0.9976190476190476,0.9920634920634921,1.0,1.0
